image_id,aoi_name,BLUE,GREEN,RED,NIR,SWIR1,SWIR2,NDVI,NDTI,GNDVI,NDMI,NDWI,NGRDI,SAVI,BSI,EVI,AVI,MSI,GCI,OSAVI,MSAVI2,NLI,VARI,RVI,SOCI,RRECI,pixel_count,fcc
LANDSAT/LC08/C02/T1_L2/LC08_202032_20130521,,0.04253460106785069,0.08589341203084937,0.10509474571830171,0.2995302087402144,0.2703241058490598,0.16547877584480963,0.48170532197697125,0.29132212031999105,0.5546906770420078,0.053228554491364925,-0.5546906770420078,-0.09888900818616514,0.32255312943017256,-0.1206097029047711,0.3019806265803635,0.3731939746333061,0.9052952790085721,2.517909034527029,0.34478724990625936,0.29970442338185105,-0.07557429602248573,-0.12751208343097653,2.894857380955703,4.731462906273756,0.20231247682070486,549,30.562623998182314
LANDSAT/LC08/C02/T1_L2/LC08_202032_20140508,,,,,,,,,,,,,,,,,,,,,,,,,,,0,30.562623998182314
