"","plotname","BLUE","GREEN","RED","NIR","SWIR1","SWIR2","NDVI","NDTI","GNDVI","NDMI","NDWI","NGRDI","SAVI","BSI","AVI","MSI","GCI","OSAVI","MSAVI2","NLI","Referencia","Farm","Year","Tesis","yield_kgDM_ha.1","STD"
"1","test_01011999",0.0401552554205926,0.0671777000794642,0.0735522337949824,0.238233244409127,0.23150389232603,0.135149155693041,0.528539438617818,0.277359106062839,0.560065004604595,0.015331422656048,-0.560065004604595,-0.0440532411038932,0.304346406709148,-0.14457714164653,0.127296844600346,0.972517363653927,4.99131328146402,0.349185116523168,0.27406420668904,-0.127154165135069,NA,NA,NA,NA,NA,NA
"2","test2_23061974",0.0401552554205926,0.0671777000794642,0.0735522337949824,0.238233244409127,0.23150389232603,0.135149155693041,0.528539438617818,0.277359106062839,0.560065004604595,0.015331422656048,-0.560065004604595,-0.0440532411038932,0.304346406709148,-0.14457714164653,0.127296844600346,0.972517363653927,4.99131328146402,0.349185116523168,0.27406420668904,-0.127154165135069,"Test","Test",1974,NA,1000,400
